Phase,Task ID,Task Name,Category,Description,AWS Source Service,Azure Target Service,Priority,Estimated Effort,Dependencies,Labels,Acceptance Criteria
1 - Assessment,1.1,Document Current Application Architecture,Assessment,"Inventory the tasky Go web application stack including runtime (Go/Gin), database (MongoDB 4.0.x), storage (S3 backups), containerization (Docker multi-stage), and Kubernetes orchestration (EKS). Capture all service endpoints, ports, environment variables, and configuration dependencies.",N/A,N/A,High,2 days,None,phase:assessment;task:documentation,"Application architecture documented with all component dependencies, ports, environment variables, and service interactions captured in a technical specification"
1 - Assessment,1.2,Inventory Current AWS Infrastructure as Code,Assessment,"Catalog all Terraform modules (vpc, eks, mongodb-ec2, s3-backup, alb) and their resource definitions. Document provider versions, backend state configuration (S3 + DynamoDB), variable inputs, outputs, and inter-module dependencies.",AWS (Terraform IaC),N/A,High,2 days,None,phase:assessment;task:documentation,"Complete inventory of all Terraform modules, resources, variables, outputs, and state backend configuration documented"
1 - Assessment,1.3,Inventory GitHub Actions CI/CD Workflows,Assessment,"Document current GitHub Actions workflows: build-and-publish.yml (Docker image CI), terraform-plan.yml (IaC validation), terraform-apply.yml (IaC deployment + app deploy), cost-analysis.yml (cost reporting). Capture all secrets, variables, OIDC configuration, and environment references.",GitHub Actions + AWS OIDC,N/A,High,1 day,None,phase:assessment;task:documentation,"All CI/CD workflows documented with secrets, variables, triggers, environment references, and deployment flow captured"
1 - Assessment,1.4,Document Current Tagging and Billing Strategy,Assessment,"Review current AWS resource tagging strategy (Project, Environment, StackVersion, ManagedBy, Owner, CreatedDate) and document billing/cost tracking approach for migration to Azure tagging and cost management.",AWS Resource Tags,Azure Resource Tags,Medium,1 day,1.1,phase:assessment;task:documentation,"Current tagging taxonomy documented with mapping to Azure tag requirements for billing codes and IS asset tracking"
1 - Assessment,1.5,Identify Application Configuration Dependencies,Assessment,"Map all application runtime configuration: MONGODB_URI, SECRET_KEY, PORT, GIN_MODE, and any other env vars. Document Kubernetes manifests (deployment, service, ingress, configmap, secret, rbac, namespace) and their cloud-provider-specific dependencies.",AWS EKS / K8s,Azure AKS / K8s,High,1 day,1.1,phase:assessment;task:documentation,"All application configuration dependencies mapped with cloud-provider-specific items flagged for migration"
2 - Service Mapping,2.1,Map VPC Networking to Azure Virtual Network,Service Mapping,"Map AWS VPC (10.0.0.0/16), public/private subnets across 3 AZs, Internet Gateway, NAT Gateway, route tables, and VPC endpoints to Azure Virtual Network, subnets, NSGs, NAT Gateway, and service endpoints.",AWS VPC + Subnets + IGW + NAT GW,Azure VNet + Subnets + NSG + NAT GW,High,1 day,1.2,phase:service-mapping;task:research,"Documented mapping of AWS VPC components to Azure VNet equivalents with CIDR planning and subnet strategy"
2 - Service Mapping,2.2,Map EKS to Azure Kubernetes Service (AKS),Service Mapping,"Map AWS EKS cluster (v1.28), managed node groups (t3.medium, ON_DEMAND), EKS addons (vpc-cni, coredns, kube-proxy, ebs-csi), IRSA for ALB controller, and cluster security groups to AKS equivalents.",AWS EKS,Azure AKS,High,2 days,1.2,phase:service-mapping;task:research,"Documented mapping of EKS cluster configuration to AKS including node pools, addons, managed identity, and networking model"
2 - Service Mapping,2.3,Map MongoDB EC2 to Azure Cosmos DB for MongoDB,Service Mapping,"Map self-managed MongoDB 4.0.x on EC2 (Amazon Linux 2) to Azure Cosmos DB for MongoDB API as PaaS replacement. Evaluate API compatibility, connection string format, authentication, and data migration strategy.",AWS EC2 + MongoDB 4.0.x,Azure Cosmos DB (MongoDB API),High,2 days,1.2,phase:service-mapping;task:research,"Documented mapping of MongoDB deployment to Cosmos DB for MongoDB API with compatibility assessment, connection string format changes, and authentication approach"
2 - Service Mapping,2.4,Map S3 Backup Storage to Azure Blob Storage,Service Mapping,"Map S3 bucket (versioning, lifecycle, public read access) to Azure Blob Storage with container access policies, lifecycle management, and public URL access pattern for MongoDB backups.",AWS S3,Azure Blob Storage,Medium,1 day,1.2,phase:service-mapping;task:research,"Documented mapping of S3 backup bucket configuration to Azure Blob Storage with equivalent access policies, lifecycle rules, and public URL format"
2 - Service Mapping,2.5,Map ALB to Azure Application Gateway or AKS Ingress,Service Mapping,"Map AWS ALB (via AWS Load Balancer Controller in K8s) to Azure Application Gateway Ingress Controller (AGIC) or nginx-ingress on AKS. Evaluate Kubernetes ingress compatibility and TLS termination.",AWS ALB (K8s managed),Azure App Gateway / AKS Ingress,Medium,1 day,1.2;2.2,phase:service-mapping;task:research,"Documented mapping of ALB/ingress approach to Azure equivalent with ingress controller selection and configuration plan"
2 - Service Mapping,2.6,Map IAM Roles and OIDC to Azure RBAC and Managed Identity,Service Mapping,"Map AWS IAM roles (EKS cluster role, node group role, ALB controller IRSA, MongoDB EC2 instance profile with AdminAccess) to Azure RBAC, Managed Identities, and AKS workload identity.",AWS IAM + OIDC,Azure RBAC + Managed Identity,High,2 days,1.2,phase:service-mapping;task:research,"Documented mapping of all IAM roles and OIDC federation to Azure RBAC assignments, managed identities, and AKS workload identity"
2 - Service Mapping,2.7,Map CloudWatch Logging to Azure Monitor,Service Mapping,"Map AWS CloudWatch log groups (MongoDB backup logs) to Azure Monitor Log Analytics workspace and container insights for AKS monitoring and diagnostics.",AWS CloudWatch,Azure Monitor + Log Analytics,Medium,1 day,1.2,phase:service-mapping;task:research,"Documented mapping of CloudWatch logging to Azure Monitor with Log Analytics workspace design and AKS container insights plan"
2 - Service Mapping,2.8,Map Terraform State Backend to Azure,Service Mapping,"Map Terraform S3 backend with DynamoDB state locking to Azure Storage Account backend with blob state storage and state locking.",AWS S3 + DynamoDB (TF state),Azure Storage Account (TF state),High,1 day,1.2,phase:service-mapping;task:research,"Documented mapping of Terraform backend from S3/DynamoDB to Azure Storage Account with state locking configuration"
3 - IaC Development,3.1,Create Azure Terraform Provider Configuration,IaC Development,"Create Azure Terraform provider configuration with azurerm provider, required versions, and feature blocks. Configure backend for Azure Storage Account state management.",hashicorp/aws provider,hashicorp/azurerm provider,High,1 day,2.8,phase:iac-development;task:development,"Azure Terraform provider configuration with azurerm provider, version constraints, and Azure Storage Account backend configured"
3 - IaC Development,3.2,Create Azure Resource Group Module,IaC Development,"Create Terraform module for Azure Resource Group with standard tagging inputs for billing codes (billing_code, cost_center) and IS identifiers (information_system_id, system_owner, data_classification). Support dev and prod environment tiers.",N/A,azurerm_resource_group,High,1 day,3.1,phase:iac-development;task:development,"Resource group module with parameterized environment tiers (dev/prod), standard billing tags, and IS identifier tags"
3 - IaC Development,3.3,Create Azure Virtual Network Module,IaC Development,"Create Terraform module for Azure VNet with subnets (AKS subnet, services subnet, app gateway subnet), NSGs, NAT Gateway, and service endpoints. Support dev/prod sizing via variables.",AWS VPC module,azurerm_virtual_network,High,2 days,3.2,phase:iac-development;task:development,"VNet module with configurable subnets, NSGs, NAT Gateway, service endpoints, and environment-tier sizing for dev and prod"
3 - IaC Development,3.4,Create Azure AKS Cluster Module,IaC Development,"Create Terraform module for AKS cluster with system and user node pools, managed identity, RBAC enabled, Azure CNI networking, container insights, and ingress controller integration. Support dev (1 node) and prod (2-3 nodes) tiers.",AWS EKS module,azurerm_kubernetes_cluster,High,3 days,3.3,phase:iac-development;task:development,"AKS module with configurable node pools, managed identity, RBAC, networking, monitoring, and dev/prod tier sizing"
3 - IaC Development,3.5,Create Azure Cosmos DB for MongoDB Module,IaC Development,"Create Terraform module for Cosmos DB account with MongoDB API (4.0 compatibility), database, and collection. Configure throughput (RU/s) for dev (400 RU/s) and prod (1000 RU/s) tiers. Include connection string output for app configuration.",AWS MongoDB EC2 module,azurerm_cosmosdb_account (MongoDB),High,2 days,3.2,phase:iac-development;task:development,"Cosmos DB module with MongoDB 4.0 API, configurable throughput per environment tier, connection string output, and proper access controls"
3 - IaC Development,3.6,Create Azure Blob Storage Module,IaC Development,"Create Terraform module for Azure Storage Account with blob container for MongoDB backups. Configure lifecycle management, access tier, and optional public read access equivalent to S3 bucket policy.",AWS S3 backup module,azurerm_storage_account + blob,Medium,1 day,3.2,phase:iac-development;task:development,"Storage module with blob container, lifecycle management, access controls, and public URL capability for backup files"
3 - IaC Development,3.7,Create Azure Application Gateway / Ingress Module,IaC Development,"Create Terraform module for Application Gateway or configure AKS with nginx-ingress controller for external application access. Support HTTP/HTTPS and health check configuration.",AWS ALB module,azurerm_application_gateway or AKS ingress,Medium,2 days,3.3;3.4,phase:iac-development;task:development,"Ingress/App Gateway module with HTTP/HTTPS support, health checks, and integration with AKS cluster"
3 - IaC Development,3.8,Create Azure Monitor and Log Analytics Module,IaC Development,"Create Terraform module for Log Analytics workspace and diagnostic settings for AKS container insights, Cosmos DB metrics, and application logging.",AWS CloudWatch,azurerm_log_analytics_workspace,Medium,1 day,3.2,phase:iac-development;task:development,"Monitor module with Log Analytics workspace, AKS container insights, and diagnostic settings for key resources"
3 - IaC Development,3.9,Create Root Module with Standard Tag Inputs,IaC Development,"Create root main.tf that composes all Azure modules with standard variable inputs for billing_code, cost_center, information_system_id, system_owner, data_classification, environment (dev/prod), and project_name. Wire all module outputs.",All AWS modules,All Azure modules,High,2 days,3.2-3.8,phase:iac-development;task:development,"Root module composing all Azure modules with standardized tag inputs for billing and IS tracking, supporting dev and prod environments"
3 - IaC Development,3.10,Create Environment-Specific tfvars Files,IaC Development,"Create terraform.tfvars templates for dev and prod environments with appropriate sizing, throughput, and configuration values. Include billing code and IS identifier placeholders.",AWS tfvars,Azure tfvars (dev + prod),Medium,1 day,3.9,phase:iac-development;task:development,"Environment-specific tfvars files for dev and prod with documented variable placeholders for billing and IS identifiers"
4 - CI/CD Updates,4.1,Update Terraform Plan Workflow for Azure,CI/CD Updates,"Update terraform-plan.yml to replace AWS OIDC credentials with Azure OIDC (azure/login action), update environment variables from AWS_REGION to AZURE_LOCATION, and configure Azure-specific Terraform init with Azure Storage backend.",terraform-plan.yml (AWS),terraform-plan.yml (Azure),High,1 day,3.1,phase:cicd-updates;task:development,"Terraform plan workflow updated with Azure login action, Azure environment variables, and Azure Storage backend init"
4 - CI/CD Updates,4.2,Update Terraform Apply Workflow for Azure,CI/CD Updates,"Update terraform-apply.yml to replace AWS credential configuration with Azure OIDC login, update EKS-specific kubectl config to AKS (az aks get-credentials), replace AWS-specific deployment steps with Azure equivalents.",terraform-apply.yml (AWS),terraform-apply.yml (Azure),High,2 days,3.9;4.1,phase:cicd-updates;task:development,"Terraform apply workflow updated with Azure login, AKS kubectl configuration, and Azure-specific deployment steps"
4 - CI/CD Updates,4.3,Verify Build and Publish Workflow Compatibility,CI/CD Updates,"Verify that build-and-publish.yml (Docker image to GHCR) requires no changes since it uses GitHub Container Registry independent of cloud provider. Document any required updates.",build-and-publish.yml,build-and-publish.yml (no change expected),Low,0.5 days,1.3,phase:cicd-updates;task:validation,"Build and publish workflow verified as cloud-agnostic or updated if any Azure-specific changes are needed"
4 - CI/CD Updates,4.4,Update Cost Analysis Workflow for Azure,CI/CD Updates,"Update cost-analysis.yml to replace AWS cost estimation with Azure cost estimation using Azure Pricing Calculator references and Azure-specific resource cost components (AKS, Cosmos DB, Blob Storage, App Gateway).",cost-analysis.yml (AWS),cost-analysis.yml (Azure),Low,1 day,3.9,phase:cicd-updates;task:development,"Cost analysis workflow updated with Azure pricing references and resource cost components"
4 - CI/CD Updates,4.5,Configure Azure OIDC Federation for GitHub Actions,CI/CD Updates,"Create documentation and configuration for Azure AD app registration with federated credentials for GitHub Actions OIDC authentication. Define required secrets (AZURE_CLIENT_ID, AZURE_TENANT_ID, AZURE_SUBSCRIPTION_ID).",AWS OIDC (AWS_ROLE_ARN),Azure OIDC (AZURE_CLIENT_ID etc.),High,1 day,None,phase:cicd-updates;task:configuration,"Azure OIDC federation documented with app registration steps, federated credential configuration, and required GitHub secrets listed"
4 - CI/CD Updates,4.6,Update Kubernetes Manifests for AKS Compatibility,CI/CD Updates,"Review and update K8s manifests (deployment, service, ingress, configmap, secret, rbac, namespace) for AKS compatibility. Replace AWS-specific annotations (ALB ingress class, AWS LB controller) with Azure equivalents.",K8s manifests (AWS-specific),K8s manifests (Azure-compatible),Medium,1 day,2.2;2.5,phase:cicd-updates;task:development,"Kubernetes manifests updated to remove AWS-specific annotations and add Azure/AKS-compatible ingress and service annotations"
5 - Validation,5.1,Validate Terraform Plan for Dev Environment,Validation,"Run terraform init and terraform plan for the dev environment tier to validate all Azure modules compile, pass validation, and produce a correct execution plan without errors.",N/A,N/A,High,1 day,3.9;3.10,phase:validation;task:testing,"Terraform plan succeeds for dev environment with no errors and expected resource creation count"
5 - Validation,5.2,Validate Terraform Plan for Prod Environment,Validation,"Run terraform init and terraform plan for the prod environment tier to validate all Azure modules with production-tier sizing and configuration.",N/A,N/A,High,1 day,3.9;3.10,phase:validation;task:testing,"Terraform plan succeeds for prod environment with production-tier resource sizing and configuration"
5 - Validation,5.3,Validate GitHub Actions Workflow Syntax,Validation,"Run workflow linting and validation on all updated GitHub Actions workflows to ensure correct YAML syntax, valid action references, and proper secret/variable references.",N/A,N/A,Medium,0.5 days,4.1-4.4,phase:validation;task:testing,"All updated GitHub Actions workflows pass syntax validation and linting checks"
5 - Validation,5.4,Create Migration Validation Checklist,Validation,"Create a comprehensive validation checklist covering infrastructure deployment, application connectivity, database access, storage access, monitoring, and CI/CD pipeline execution for both dev and prod environments.",N/A,N/A,Medium,1 day,5.1-5.3,phase:validation;task:documentation,"Migration validation checklist created with all critical checkpoints for infrastructure, application, and CI/CD verification"
5 - Validation,5.5,Document Rollback Strategy,Validation,"Document rollback procedures in case Azure deployment fails or application issues are detected. Include steps to revert to AWS infrastructure and data recovery procedures.",N/A,N/A,Medium,1 day,3.9,phase:validation;task:documentation,"Rollback strategy documented with step-by-step procedures for reverting to AWS infrastructure"
